Brand,Rating,Price,Availability,Discount
Wellcore,4.3,₹499,"Buy 2 items, save extra ₹50",28% off
BIGMUSCLES,4.1,"₹1,300",Saver Deal,51% off
MUSCLEBLAZE,4.2,₹799,"Buy ₹2000 more, save extra ₹100",14% off
Nakpro,4.3,"₹1,074",Saver Deal,55% off
Nakpro,4.3,"₹1,075",Saver Deal,49% off
AS,4.2,"₹2,028",Only 3 left,33% off
Yogabar,4.2,"₹1,496",Only few left,69% off
Optimum,3.8,"₹4,699",Top Discount of the Sale,41% off
AS,3.8,₹860,"Buy 2 items, save extra ₹40",32% off
AS,4.3,"₹1,595",Top Discount of the Sale,32% off
GNC,4.2,"₹3,600",Top Discount of the Sale,44% off
GNC,4.2,"₹1,329","Buy 3 items, save extra 5%",5% off
HEALTHKART,4,₹499,"Buy ₹2000 more, save extra ₹100",30% off
BIGMUSCLES,4.1,₹719,Top Discount of the Sale,55% off
GNC,4.2,"₹4,001","Buy ₹2000 more, save extra ₹100",39% off
Mypro,4.3,₹528,Only few left,40% off
GNC,4.3,₹899,"Buy 3 items, save extra 5%",32% off
Wellcore,4,₹949,"Buy 2 items, save extra ₹50",5% off
GNC,4.2,"₹1,795","Buy ₹2000 more, save extra ₹100",12% off
Mill,3.4,"₹1,566",Only few left,42% off
Mypro,4,₹514,Only 1 left,80% off
HERBALIFE,3.1,₹773,Only few left,47% off
NUTRELA,3.1,"₹1,619","Buy 5 items, save extra 10%",72% off
DNUTRIXN,4.4,₹611,Only few left,34% off
DNUTRIXN,5,₹888,Only few left,56% off
Herbal,2.2,"₹1,098",Only few left,15% off
N,2,"₹1,211",Only few left,38% off
HERBALIFE,3.3,₹902,Saver Deal,38% off
Herbalife,4.4,₹902,Saver Deal,38% off
Herbalife,4,₹902,Only few left,43% off
Herbalife,4.4,"₹1,588",Only few left,18% off
Herbalife,3.9,"₹1,916",Only few left,58% off
Pro,4,₹621,Only 4 left,51% off
NutraEats,4,"₹1,553",Only few left,33% off
Pure,4,₹793,Only few left,38% off
Naturewell,3.9,"₹2,199",Only few left,50% off
Avvatar,3,"₹1,549",Only few left,33% off
MUSCLEBLAZE,1,"₹2,242",Saver Deal,53% off
MUSCLEBLAZE,4.1,₹749,Saver Deal,50% off
Wellcore,4.3,₹499₹69928% off,"Buy 2 items, save extra ₹50",28% off
Nakpro,4.3,"₹1,074₹2,14049% off","Buy 3 items, save extra 5%",49% off
GNC,4.3,"₹2,500₹3,49928% off",Saver Deal,28% off
Optimum,4.3,"₹2,600₹3,44924% off",Saver Deal,24% off
Muscletech,4.2,"₹1,499₹1,85919% off","Buy 3 items, save extra 5%",19% off
Muscletech,4.2,"₹3,664₹4,09910% off","Buy 3 items, save extra 5%",10% off
BIGMUSCLES,4.1,"₹1,300₹2,69951% off",Saver Deal,51% off
GNC,4.3,"₹3,600₹6,49944% off",Top Discount of the Sale,44% off
Optimum,4.2,"₹5,300₹7,34927% off",Top Discount of the Sale,27% off
AS,4.2,"₹3,979₹5,97833% off","Buy 3 items, save extra 5%",33% off
GNC,4.2,"₹1,329₹1,3995% off","Buy 3 items, save extra 5%",5% off
BIGMUSCLES,4,"₹719₹1,59955% off",Top Discount of the Sale,55% off
AS,4.1,"₹1,216₹2,04740% off","Buy 3 items, save extra 5%",40% off
MUSCLEBLAZE,4,"₹2,759₹3,91929% off",Saver Deal,29% off
Muscletech,4,"₹2,800₹4,99943% off",Top Discount of the Sale,43% off
Nakpro,4.3,₹277₹71060% off,"Buy ₹2000 more, save extra ₹100",60% off
Wellcore,4.3,₹499₹69928% off,"Buy 2 items, save extra ₹50",28% off
GNC,4.3,₹899,"Buy 3 items, save extra 5%",53% off
Muscletech,4.4,"₹699₹1,49953% off","Buy 2 items, save extra ₹50",87% off
Nutrabustling,4.3,"₹248₹1,99987% off",Top Discount of the Sale,42% off
OPEN,3.9,"₹1,159₹1,99942% off","Buy 2 items, save extra ₹40",34% off
GNC,4.3,"₹1,399₹2,12934% off",Top Discount of the Sale,39% off
Myprotein,4.2,"₹3,049₹4,99939% off","Buy 3 items, save extra 5%",55% off
HERBALIFE,4.3,₹447₹99955% off,"Buy ₹2000 more, save extra ₹100",52% off
Nutrabay,4.3,₹299₹62952% off,Top Discount of the Sale,23% off
XLR,4.2,"₹1,600₹2,10023% off","Buy 3 items, save extra 5%",32% off
Wellcore,4.3,"₹949₹1,39932% off","Buy 2 items, save extra ₹50",28% off
Wellcore,4.3,₹499₹69928% off,"Buy ₹2000 more, save extra ₹100",32% off
AS,4.2,"₹9,551₹14,25232% off","Buy 3 items, save extra 5%",32% off
MUSCLEBLAZE,4.3,"₹849₹1,24932% off",Top Discount of the Sale,26% off
GNC,4.3,"₹4,700₹6,39926% off",Saver Deal,30% off
TATA,4.2,₹400₹57330% off,Top Discount of the Sale,32% off
Avvatar,4.4,"₹2,399₹3,55932% off",Top Discount of the Sale,21% off
BeastLife,4.3,"₹2,748₹3,49921% off","Buy 2 items, save extra 5%",33% off
AS,4.3,"₹2,274₹3,40733% off","Buy 3 items, save extra 5%",22% off
Avvatar,4.3,"₹5,599₹7,19922% off",Top Discount of the Sale,52% off
Nakpro,4.3,"₹2,047₹4,27052% off","Buy 3 items, save extra 5%",73% off
iso,3.9,"₹799₹2,99973% off","Buy ₹2000 more, save extra ₹100",31% off
OZiva,4.3,"₹1,427₹2,07831% off","Buy ₹2000 more, save extra ₹100",32% off
Wellcore,4.3,₹499,"Buy 2 items, save extra ₹50",28% off
BIGMUSCLES,4.1,"₹1,300",Saver Deal,51% off
MUSCLEBLAZE,4.2,₹799,"Buy ₹2000 more, save extra ₹100",14% off
Nakpro,4.3,"₹1,074",Saver Deal,55% off
Nakpro,4.3,"₹1,075",Saver Deal,49% off
AS,4.2,"₹2,028",Only 3 left,33% off
Yogabar,4.2,"₹1,496",Only few left,69% off
Optimum,3.8,"₹4,699",Top Discount of the Sale,41% off
AS,3.8,₹860,"Buy 2 items, save extra ₹40",32% off
AS,4.3,"₹1,595",Top Discount of the Sale,32% off
GNC,4.2,"₹3,600",Top Discount of the Sale,44% off
GNC,4.2,"₹1,329","Buy 3 items, save extra 5%",5% off
HEALTHKART,4,₹499,"Buy ₹2000 more, save extra ₹100",30% off
BIGMUSCLES,4.1,₹719,Top Discount of the Sale,55% off
GNC,4.2,"₹4,001","Buy ₹2000 more, save extra ₹100",39% off
Mypro,4.3,₹528,Only few left,40% off
GNC,4.3,₹899,"Buy 3 items, save extra 5%",32% off
Wellcore,4,₹949,"Buy 2 items, save extra ₹50",5% off
GNC,4.2,"₹1,795","Buy ₹2000 more, save extra ₹100",12% off
Mill,3.4,"₹1,566",Only few left,42% off
Mypro,4,₹514,Only 1 left,80% off
HERBALIFE,3.1,₹773,Only few left,47% off
NUTRELA,3.1,"₹1,619","Buy 5 items, save extra 10%",72% off
DNUTRIXN,4.4,₹611,Only few left,34% off
DNUTRIXN,5,₹888,Only few left,56% off
Herbal,2.2,"₹1,098",Only few left,15% off
N,2,"₹1,211",Only few left,38% off
HERBALIFE,3.3,₹902,Saver Deal,38% off
Herbalife,4.4,₹902,Saver Deal,38% off
Herbalife,4,₹902,Only few left,43% off
Herbalife,4.4,"₹1,588",Only few left,18% off
Herbalife,3.9,"₹1,916",Only few left,58% off
Pro,4,₹621,Only 4 left,51% off
NutraEats,4,"₹1,553",Only few left,33% off
Pure,4,₹793,Only few left,38% off
Naturewell,3.9,"₹2,199",Only few left,50% off
Avvatar,3,"₹1,549",Only few left,33% off
MUSCLEBLAZE,1,"₹2,242",Saver Deal,53% off
MUSCLEBLAZE,4.1,₹749,Saver Deal,50% off
Wellcore,4.3,₹499₹69928% off,"Buy 2 items, save extra ₹50",28% off
Optimum,4.2,"₹3,999₹5,76930% off",Saver Deal,30% off
PentaSure,4.5,"₹1,158₹1,36315% off",Saver Deal,15% off
BIGMUSCLES,4,"₹749₹1,59953% off",Top Discount of the Sale,53% off
Yogabar,4.3,₹249₹39937% off,Top Discount of the Sale,37% off
MUSCLEBLAZE,4,"₹3,599₹6,44944% off","Buy 2 items, save extra ₹40",44% off
Nakpro,4.3,"₹1,074₹2,14049% off","Buy 3 items, save extra 5%",49% off
Optimum,4.2,"₹4,699₹8,04841% off",Top Discount of the Sale,41% off
MUSCLEBLAZE,4.4,"₹4,999₹5,60910% off","Buy ₹2000 more, save extra ₹100",10% off
Proteen,3.9,₹239₹59960% off,Only few left,60% off
BIGMUSCLES,4.1,"₹1,300₹2,69951% off",Saver Deal,51% off
GNC,4.3,"₹3,600₹6,49944% off",Top Discount of the Sale,44% off
The,4.5,"₹3,179₹3,54910% off",Only 1 left,10% off
Nakpro,4.1,"₹598₹1,25052% off","Buy 2 items, save extra ₹40",52% off
BIGMUSCLES,4.1,"₹1,653₹3,19948% off",Saver Deal,48% off
Endura,4,₹527₹66620% off,"Buy 2 items, save extra ₹40",20% off
GNC,4.2,"₹1,329₹1,3995% off","Buy 3 items, save extra 5%",5% off
MUSCLEBLAZE,4.4,₹449₹71937% off,Top Discount of the Sale,37% off
QNT,4.4,"₹2,763₹3,99930% off",Only few left,30% off
nutroserve,4.2,"₹1,172₹2,99960% off",Only 5 left,60% off
Wellcore,4.3,₹499₹69928% off,"Buy 2 items, save extra ₹50",28% off
BIGMUSCLES,4,"₹719₹1,59955% off",Top Discount of the Sale,55% off
BIGMUSCLES,4.1,"₹1,500₹2,99949% off","Buy 3 items, save extra 5%",49% off
Sparkfusion,4.6,"₹700₹1,69958% off",Only few left,58% off
METTLE,4.1,"₹1,305₹1,79927% off","Buy ₹2000 more, save extra ₹100",27% off
Optimum,4.3,"₹1,299₹1,79927% off",Top Discount of the Sale,27% off
GNC,4.3,₹899,"Buy 3 items, save extra 5%",42% off
OPEN,3.9,"₹1,159₹1,99942% off","Buy 2 items, save extra ₹40",16% off
Protinex,4.4,₹503₹59916% off,"Buy 3 items, save extra 5%",14% off
MUSCLEBLAZE,4.2,"₹2,599₹3,02914% off","Buy ₹2000 more, save extra ₹100",32% off
Wellcore,4.3,"₹949₹1,39932% off","Buy 2 items, save extra ₹50",13% off
RiteBite,4.4,₹367₹42613% off,"Buy 3 items, save extra 5%",31% off
Nakpro,4.3,"₹1,579₹2,29931% off",Only few left,24% off
NUTROVA,4.9,₹850,Only few left,16% off
Optimum,4.3,"₹2,600₹3,44924% off",Saver Deal,28% off
Origin,4.2,₹577₹69516% off,Only few left,34% off
Wellcore,4.3,₹499₹69928% off,"Buy ₹2000 more, save extra ₹100",22% off
GNC,4.3,"₹1,399₹2,12934% off",Top Discount of the Sale,50% off
MUSCLEBLAZE,4.4,"₹2,449₹3,14922% off",Only few left,37% off
Wellcore,4.3,₹499₹69928% off,"Buy 2 items, save extra ₹50",28% off
Nakpro,4.3,"₹3,999₹5,76930% off","Buy 3 items, save extra 5%",49% off
PentaSure,4.5,"₹1,158₹1,36315% off",Saver Deal,15% off
BIGMUSCLES,3.9,"₹749₹1,59953% off","Buy 3 items, save extra 5%",51% off
AS,4.3,₹249₹39937% off,Bank Offer,37% off
Lakshmi,4.1,"₹3,599₹6,44944% off",Only few left,10% off
Optimum,4.2,"₹1,074₹2,14049% off",Top Discount of the Sale,41% off
BIGMUSCLES,4.1,"₹4,699₹8,04841% off",Saver Deal,51% off
HERBALIFE,4.3,"₹4,999₹5,60910% off",Only few left,36% off
AS,4.3,₹239₹59960% off,Saver Deal,37% off
GNC,4.2,"₹1,300₹2,69951% off",Top Discount of the Sale,44% off
GNC,4,"₹3,600₹6,49944% off","Buy 3 items, save extra 5%",5% off
Endura,4.2,"₹3,179₹3,54910% off","Buy 2 items, save extra ₹40",20% off
Muscletech,4.4,"₹598₹1,25052% off",Top Discount of the Sale,29% off
Protinex,4.2,"₹1,653₹3,19948% off","Buy 3 items, save extra 5%",16% off
Muscletech,4.4,₹527₹66620% off,Top Discount of the Sale,35% off
MUSCLEBLAZE,4,"₹1,329₹1,3995% off",Top Discount of the Sale,37% off
BIGMUSCLES,4.2,₹449₹71937% off,Top Discount of the Sale,55% off
AS,4.3,"₹2,763₹3,99930% off",Bank Offer,33% off
HERBALIFE,4.3,"₹1,172₹2,99960% off",Only few left,36% off
Wellcore,3.8,₹499₹69928% off,"Buy 2 items, save extra ₹50",28% off
GNC,4.4,"₹719₹1,59955% off","Buy 3 items, save extra 5%",32% off
AS,4.2,"₹1,500₹2,99949% off","Buy 2 items, save extra ₹40",5% off
MUSCLEBLAZE,4.1,"₹700₹1,69958% off","Buy 3 items, save extra 5%",33% off
FUELONE,3.9,"₹1,305₹1,79927% off",Top Discount of the Sale,45% off
GNC,4.3,"₹1,299₹1,79927% off",Only 1 left,42% off
OPEN,4.2,₹899,"Buy 2 items, save extra ₹40",32% off
Wellcore,4.4,"₹1,159₹1,99942% off","Buy 2 items, save extra ₹50",40% off
AS,4.4,₹503₹59916% off,"Buy 3 items, save extra 5%",15% off
PentaSure,4.3,"₹2,599₹3,02914% off",Saver Deal,13% off
RiteBite,4.2,"₹949₹1,39932% off","Buy 3 items, save extra 5%",28% off
Wellcore,4.3,₹367₹42613% off,"Buy ₹2000 more, save extra ₹100",32% off
AS,4.2,"₹1,579₹2,29931% off",Only 1 left,56% off
Nakpro,4.3,₹850,"Buy 3 items, save extra 5%",21% off
Muscletech,4.2,"₹2,600₹3,44924% off","Buy 3 items, save extra 5%",39% off
HERBALIFE,4.3,₹577₹69516% off,Only few left,34% off
GNC,4.2,₹499₹69928% off,Top Discount of the Sale,30% off
TATA,4.4,"₹1,399₹2,12934% off",Top Discount of the Sale,46% off
GNC,5,"₹2,449₹3,14922% off",Saver Deal,55% off
Wellcore,4.3,₹499,"Buy 2 items, save extra ₹50",28% off
Nakpro,4.3,"₹1,074","Buy 3 items, save extra 5%",49% off
BIGMUSCLES,4.1,"₹1,749",Only few left,59% off
BeastLife,4.2,₹899,Saver Deal,49% off
BIGMUSCLES,4.1,₹299,"Buy 2 items, save extra ₹30",48% off
GNC,4.2,₹449,"Buy 2 items, save extra ₹50",43% off
BIGMUSCLES,4.1,"₹1,300",Saver Deal,51% off
GNC,4.2,"₹1,329","Buy 3 items, save extra 5%",5% off
MUSCLEBLAZE,4,"₹1,959",Saver Deal,37% off
Nakpro,4.2,"₹1,859","Buy 3 items, save extra 5%",38% off
GNC,4.3,"₹3,600",Top Discount of the Sale,44% off
BIGMUSCLES,4,₹719,Top Discount of the Sale,55% off
SUPERYOU,4,"₹1,999",Saver Deal,28% off
Star,3.9,"₹3,213",Saver Deal,36% off
AS,4.2,"₹2,032","Buy 3 items, save extra 5%",33% off
Zenith,4,₹518,Saver Deal,29% off
MUSCLEBLAZE,4.4,₹449,Top Discount of the Sale,37% off
Wellcore,4.3,₹499,"Buy 2 items, save extra ₹50",28% off
Nutrabay,4.2,₹250,Top Discount of the Sale,49% off
Nakpro,4.3,"₹1,519","Buy 3 items, save extra 5%",25% off
GNC,4.3,₹899,"Buy 3 items, save extra 5%",42% off
OPEN,3.9,"₹1,159","Buy 2 items, save extra ₹40",17% off
MUSCLEBLAZE,4.4,₹549,"Buy ₹2000 more, save extra ₹100",33% off
MUSCLEBLAZE,4.3,₹649,"Buy 2 items, save extra ₹50",42% off
GNC,4.2,₹399,Top Discount of the Sale,22% off
SUPERYOU,4,"₹2,249",Top Discount of the Sale,34% off
GNC,4.3,"₹1,399",Top Discount of the Sale,13% off
RiteBite,4.4,₹367,"Buy 3 items, save extra 5%",39% off
Nutrabay,4.3,₹300,"Buy 3 items, save extra 5%",32% off
vivamom,4.5,₹731,Only few left,28% off
Wellcore,4.3,₹949,"Buy 2 items, save extra ₹50",50% off
Wellcore,4.3,₹499,"Buy ₹2000 more, save extra ₹100",32% off
Yogabar,4.3,₹598,Top Discount of the Sale,53% off
AS,3.8,₹860,"Buy 2 items, save extra ₹40",58% off
Yogabar,4.3,₹150,Top Discount of the Sale,26% off
BeastLife,4.2,₹664,Top Discount of the Sale,30% off
GNC,4.3,"₹4,700",Saver Deal,46% off
TATA,4.2,₹400,Top Discount of the Sale,30% off
BIGMUSCLES,4.1,₹229,Top Discount of the Sale,33% off
Wellcore,4.3,₹499₹69928% off,"Buy 2 items, save extra ₹50",28% off
Nakpro,4.3,"₹1,074₹2,14049% off","Buy 3 items, save extra 5%",49% off
GNC,4.3,"₹2,500₹3,49928% off",Saver Deal,28% off
Optimum,4.3,"₹2,600₹3,44924% off",Saver Deal,24% off
Muscletech,4.2,"₹1,499₹1,85919% off","Buy 3 items, save extra 5%",19% off
Muscletech,4.2,"₹3,664₹4,09910% off","Buy 3 items, save extra 5%",10% off
BIGMUSCLES,4.1,"₹1,300₹2,69951% off",Saver Deal,51% off
GNC,4.3,"₹3,600₹6,49944% off",Top Discount of the Sale,44% off
Optimum,4.2,"₹5,300₹7,34927% off",Top Discount of the Sale,27% off
AS,4.2,"₹3,979₹5,97833% off","Buy 3 items, save extra 5%",33% off
GNC,4.2,"₹1,329₹1,3995% off","Buy 3 items, save extra 5%",5% off
BIGMUSCLES,4,"₹719₹1,59955% off",Top Discount of the Sale,55% off
AS,4.1,"₹1,216₹2,04740% off","Buy 3 items, save extra 5%",40% off
MUSCLEBLAZE,4,"₹2,759₹3,91929% off",Saver Deal,29% off
Muscletech,4,"₹2,800₹4,99943% off",Top Discount of the Sale,43% off
Nakpro,4.3,₹277₹71060% off,"Buy ₹2000 more, save extra ₹100",60% off
MUSCLEBLAZE,4.4,₹449₹71937% off,Top Discount of the Sale,37% off
Wellcore,4.3,₹499₹69928% off,"Buy 2 items, save extra ₹50",28% off
Muscletech,4.4,"₹699₹1,49953% off","Buy 2 items, save extra ₹50",53% off
Nutrabustling,4.3,"₹248₹1,99987% off",Top Discount of the Sale,87% off
GNC,4.3,₹899,"Buy 3 items, save extra 5%",42% off
OPEN,3.9,"₹1,159₹1,99942% off","Buy 2 items, save extra ₹40",39% off
Myprotein,4.2,"₹3,049₹4,99939% off","Buy 3 items, save extra 5%",55% off
HERBALIFE,4.3,₹447₹99955% off,"Buy ₹2000 more, save extra ₹100",52% off
Nutrabay,4.3,₹299₹62952% off,Top Discount of the Sale,23% off
XLR,4.2,"₹1,600₹2,10023% off","Buy 3 items, save extra 5%",34% off
GNC,4.3,"₹1,399₹2,12934% off",Top Discount of the Sale,13% off
RiteBite,4.4,₹367₹42613% off,"Buy 3 items, save extra 5%",32% off
AS,4.2,"₹9,551₹14,25232% off","Buy 3 items, save extra 5%",32% off
MUSCLEBLAZE,4.3,"₹849₹1,24932% off",Top Discount of the Sale,32% off
Wellcore,4.3,"₹949₹1,39932% off","Buy 2 items, save extra ₹50",28% off
Wellcore,4.3,₹499₹69928% off,"Buy ₹2000 more, save extra ₹100",32% off
Avvatar,4.4,"₹2,399₹3,55932% off",Top Discount of the Sale,21% off
BeastLife,4.3,"₹2,748₹3,49921% off","Buy 2 items, save extra 5%",33% off
AS,4.3,"₹2,274₹3,40733% off","Buy 3 items, save extra 5%",22% off
Avvatar,4.3,"₹5,599₹7,19922% off",Top Discount of the Sale,26% off
GNC,4.3,"₹4,700₹6,39926% off",Saver Deal,30% off
TATA,4.2,₹400₹57330% off,Top Discount of the Sale,31% off
OZiva,4.3,"₹1,427₹2,07831% off","Buy ₹2000 more, save extra ₹100",32% off
Wellcore,4.3,4.3,"Buy 2 items, save extra ₹50",28% off
Nakpro,4.3,4.3,"Buy 3 items, save extra 5%",49% off
AS,4.2,4.2,"Buy 3 items, save extra 5%",33% off
BIGMUSCLES,4,4,Top Discount of the Sale,53% off
Nakpro,4.3,4.3,"Buy 3 items, save extra 5%",35% off
AS,3.7,3.7,"Buy 3 items, save extra 5%",34% off
BIGMUSCLES,4.1,4.1,Saver Deal,51% off
GNC,4.3,4.3,Top Discount of the Sale,44% off
MUSCLEBLAZE,4.2,4.2,Top Discount of the Sale,38% off
Nutrabay,4.2,4.2,Top Discount of the Sale,46% off
GNC,4.2,4.2,"Buy 3 items, save extra 5%",5% off
BIGMUSCLES,4,4,Top Discount of the Sale,55% off
BIGMUSCLES,4,4,"Buy 2 items, save extra ₹40",47% off
GNC,4.3,4.3,"Buy ₹2000 more, save extra ₹100",36% off
MUSCLEBLAZE,4.2,4.2,"Buy 3 items, save extra 5%",23% off
N,5,5,"Buy ₹2000 more, save extra ₹100",69% off
MUSCLEBLAZE,4.4,4.4,Top Discount of the Sale,37% off
Wellcore,4.3,4.3,"Buy 2 items, save extra ₹50",28% off
Optimum,4.3,4.3,Top Discount of the Sale,27% off
Vimpro,4.6,4.6,Top Discount of the Sale,28% off
GNC,4.3,4.3,"Buy 3 items, save extra 5%",42% off
OPEN,3.9,3.9,"Buy 2 items, save extra ₹40",14% off
MUSCLEBLAZE,4.2,4.2,"Buy ₹2000 more, save extra ₹100",50% off
BIGMUSCLES,3.9,3.9,Top Discount of the Sale,66% off
Nakpro,3.9,3.9,Saver Deal,59% off
Herbalife,4.1,4.1,"Buy ₹2000 more, save extra ₹100",34% off
GNC,4.3,4.3,Top Discount of the Sale,13% off
RiteBite,4.4,4.4,"Buy 3 items, save extra 5%",36% off
NUTRELA,3.9,3.9,"Buy 5 items, save extra 10%",49% off
BIGMUSCLES,4.1,4.1,Top Discount of the Sale,32% off
Wellcore,4.3,4.3,"Buy 2 items, save extra ₹50",28% off
Wellcore,4.3,4.3,"Buy ₹2000 more, save extra ₹100",48% off
Wellcore,4.2,4.2,"Buy ₹2000 more, save extra ₹100",34% off
Herbal,4.2,4.2,"Buy 2 items, save extra ₹40",30% off
Nutrabay,4.2,4.2,"Buy 3 items, save extra 5%",11% off
Yogabar,4.8,4.8,"Buy ₹2000 more, save extra ₹100",26% off
GNC,4.3,4.3,Saver Deal,30% off
TATA,4.2,4.2,Top Discount of the Sale,27% off
NUTRELA,3.9,3.9,Saver Deal,38% off
Wellcore,4.3,₹499₹69928% off,"Buy 2 items, save extra ₹50","Buy 2 items, save extra ₹50"
Nakpro,4.3,"₹1,074₹2,14049% off","Buy 3 items, save extra 5%","Buy 3 items, save extra 5%"
GNC,4.3,"₹2,500₹3,49928% off",Saver Deal,Saver Deal
Optimum,4.3,"₹2,600₹3,44924% off",Saver Deal,Saver Deal
Muscletech,4.2,"₹1,499₹1,85919% off","Buy 3 items, save extra 5%","Buy 3 items, save extra 5%"
Muscletech,4.2,"₹3,664₹4,09910% off","Buy 3 items, save extra 5%","Buy 3 items, save extra 5%"
BIGMUSCLES,4.1,"₹1,300₹2,69951% off",Saver Deal,Saver Deal
GNC,4.3,"₹3,600₹6,49944% off",Top Discount of the Sale,Top Discount of the Sale
Optimum,4.2,"₹5,300₹7,34927% off",Top Discount of the Sale,Top Discount of the Sale
AS,4.2,"₹3,979₹5,97833% off","Buy 3 items, save extra 5%","Buy 3 items, save extra 5%"
GNC,4.2,"₹1,329₹1,3995% off","Buy 3 items, save extra 5%","Buy 3 items, save extra 5%"
BIGMUSCLES,4,"₹719₹1,59955% off",Top Discount of the Sale,Top Discount of the Sale
AS,4.1,"₹1,216₹2,04740% off","Buy 3 items, save extra 5%","Buy 3 items, save extra 5%"
MUSCLEBLAZE,4,"₹2,759₹3,91929% off",Saver Deal,Saver Deal
Muscletech,4,"₹2,800₹4,99943% off",Top Discount of the Sale,Top Discount of the Sale
Nakpro,4.3,₹277₹71060% off,"Buy ₹2000 more, save extra ₹100","Buy ₹2000 more, save extra ₹100"
Wellcore,4.3,₹499₹69928% off,"Buy 2 items, save extra ₹50","Buy 2 items, save extra ₹50"
GNC,4.3,₹899,"Buy 3 items, save extra 5%","Buy 3 items, save extra 5%"
Muscletech,4.4,"₹699₹1,49953% off","Buy 2 items, save extra ₹50","Buy 2 items, save extra ₹50"
Nutrabustling,4.3,"₹248₹1,99987% off",Top Discount of the Sale,Top Discount of the Sale
GNC,4.3,"₹4,700₹6,39926% off",Saver Deal,Saver Deal
OPEN,3.9,"₹1,159₹1,99942% off","Buy 2 items, save extra ₹40","Buy 2 items, save extra ₹40"
Myprotein,4.2,"₹3,049₹4,99939% off","Buy 3 items, save extra 5%","Buy 3 items, save extra 5%"
HERBALIFE,4.3,₹447₹99955% off,"Buy ₹2000 more, save extra ₹100","Buy ₹2000 more, save extra ₹100"
Nutrabay,4.3,₹299₹62952% off,Top Discount of the Sale,Top Discount of the Sale
XLR,4.2,"₹1,600₹2,10023% off","Buy 3 items, save extra 5%","Buy 3 items, save extra 5%"
MUSCLEBLAZE,4.4,₹449₹71937% off,Top Discount of the Sale,Top Discount of the Sale
GNC,4.3,"₹1,399₹2,12934% off",Top Discount of the Sale,Top Discount of the Sale
AS,4.2,"₹9,551₹14,25232% off","Buy 3 items, save extra 5%","Buy 3 items, save extra 5%"
MUSCLEBLAZE,4.3,"₹849₹1,24932% off",Top Discount of the Sale,Top Discount of the Sale
RiteBite,4.4,₹367₹42613% off,"Buy 3 items, save extra 5%","Buy 3 items, save extra 5%"
Wellcore,4.3,"₹949₹1,39932% off","Buy 2 items, save extra ₹50","Buy 2 items, save extra ₹50"
Avvatar,4.4,"₹2,399₹3,55932% off",Top Discount of the Sale,Top Discount of the Sale
BeastLife,4.3,"₹2,748₹3,49921% off","Buy 2 items, save extra 5%","Buy 2 items, save extra 5%"
AS,4.3,"₹2,274₹3,40733% off","Buy 3 items, save extra 5%","Buy 3 items, save extra 5%"
Avvatar,4.3,"₹5,599₹7,19922% off",Top Discount of the Sale,Top Discount of the Sale
Wellcore,4.3,₹499₹69928% off,"Buy ₹2000 more, save extra ₹100","Buy ₹2000 more, save extra ₹100"
TATA,4.2,₹400₹57330% off,Top Discount of the Sale,Top Discount of the Sale
OZiva,4.3,"₹1,427₹2,07831% off","Buy ₹2000 more, save extra ₹100","Buy ₹2000 more, save extra ₹100"
